Feature,Importance
Sekundarbildung,0.42741583021885554
Tertiärbildung,0.20617255528202297
Bildungsausgaben,0.20193712700621502
Primärbildung,0.1644744874929066
